{
				
		"deploy_init_requestData" : {		
			  "jsonrpc": "2.0",
			  "method": "deploy",
			  "params": {
			    "type": 1,
			    "chaincodeID": {
			      "path": "https://github.com/anandhirv/sampleChaincode"
			    },
			    "ctorMsg": {
			      "function": "Init",
			      "args": [ ]

			    },
			    "secureContext": "user_type1_0"
			  },
			  "id": 1		
	  }	,
	  
	 "invoke_EligibilityConfirm_requestData" : {
		  "jsonrpc": "2.0",
		  "method": "invoke",
		  "params": {
		    "type": 1,
		    "chaincodeID": {
		      "name": "chainID"
		    },
		    "ctorMsg": {
		      "function": "EligibilityConfirm",
			     "args": ["mobNo","serviceProvider","customerName","ssnNumber","portabilityIndicator"]						
			    },
			    "secureContext": "userType"
			  },
			  "id": 1		
	  },
	  
	  "invoke_ConfirmationOfMNPRequest_requestData" : {
		  "jsonrpc": "2.0",
		  "method": "invoke",
		  "params": {
		    "type": 1,
		    "chaincodeID": {
		      "name": "chainID"
		    },
		    "ctorMsg": {
		      "function": "ConfirmationOfMNPRequest",
			     "args": ["mobNo","serviceProviderOld","serviceProviderNew","customerName","ssnNumber","portabilityIndicator"]						
			    },
			    "secureContext": "userType"
			  },
			  "id": 1		
	  },
	  
	  
	  "invoke_UsageDetailsFromDonorCSP_requestData" :   {		
			 "jsonrpc": "2.0",
			  "method": "invoke",
			  "params": {
			    "type": 1,
			    "chaincodeID": {
			      "name": "chainID"
			    },
			    "ctorMsg": {
			      "function": "UsageDetailsFromDonorCSP",
			      "args": ["mobNo", "serviceProviderOld", "serviceProviderNew", "plan", "serviceValidity", "talktimeBalance", "smsBalance","dataBalance"]
			    },
			    "secureContext": "userType"
			  },
			  "id": 1	
	  }	,
	  
	  "query_Query_requestData" :   {		
			 "jsonrpc": "2.0",
			  "method": "query",
			  "params": {
			    "type": 1,
			    "chaincodeID": {
			      "name": "chainID"
			    },
			    "ctorMsg": {
			      "function": "Query",
			      "args": ["mobNo", "serviceProviderOld","serviceProviderNew"]
			    },
			    "secureContext": "userType"
			  },
			  "id": 1	
	  }	,
	  
	  "invoke_EntitlementFromRecipientCSP_requestData" :   {		
			 "jsonrpc": "2.0",
			  "method": "invoke",
			  "params": {
			    "type": 1,
			    "chaincodeID": {
			      "name": "chainID"
			    },
			    "ctorMsg": {
			      "function": "EntitlementFromRecipientCSP",
			      "args": ["mobNo", "serviceProviderOld", "serviceProviderNew"]
			    },
			    "secureContext": "userType"
			  },
			  "id": 1	
	  }	,
	  
	   "query_EntitlementFromRecipientCSPQuery_requestData" :   {		
			"jsonrpc": "2.0",
			"method": "query",
			"params": {
				"type": 1,
				"chaincodeID": {
					"name": "chainID"
				},
				"ctorMsg": {
					"function": "EntitlementFromRecipientCSPQuery",
			      "args": ["mobNo", "serviceProviderOld", "serviceProviderNew"]
			    },
			    "secureContext": "userType"
			  },
			  "id": 1	
	  }	,
	  
	  "invoke_UserAcceptance_requestData" :  {		
			  "jsonrpc": "2.0",
			  "method": "invoke",
			  "params": {
			    "type": 1,
			    "chaincodeID": {
			      "name": "chainID"
			    },
			    "ctorMsg": {
			      "function": "UserAcceptance",
			      "args": ["mobNo","ServiceProviderOld","PlanOld","ServiceValidityOld","TalktimeBalanceOld","SMSbalanceOld","DataBalanceOld","ServiceProviderNew","PlanNew","ServiceValidityNew","TalktimeBalanceNew","SMSbalanceNew","DataBalanceNew","CustomerAcceptance"]
			    },
			    "secureContext": "userType"
			  },
			  "id": 1	
	  }	,
	  
	    "invoke_Reserve_requestData" :  {		
			  "jsonrpc": "2.0",
			  "method": "invoke",
			  "params": {
			    "type": 1,
			    "chaincodeID": {
			      "name": "chainID"
			    },
			    "ctorMsg": {
			      "function": "Reserve",
			      "args": ["TollFreeno","status"]
			    },
			    "secureContext": "userType"
			  },
			  "id": 1	
	  }	,
	  
	   "query_QueryCSPDetails_requestData" :   {
			  "jsonrpc": "2.0",
		  "method": "query",
		  "params": {
		    "type": 1,
		    "chaincodeID": {
		      "name": "chainID"
		    },
		    "ctorMsg": {
		      "function": "QueryCSPDetails",
			      "args": ["mobNo"]
			    },
			    "secureContext": "userType"
			  },
			  "id": 1	
	  }	,
	  
	  "query_RegulatorQuery_requestData" : {		
			"jsonrpc": "2.0",
			"method": "query",
			"params": {
				"type": 1,
				"chaincodeID": {
					"name": "chainID"
				},
				"ctorMsg": {
					"function": "RegulatorQuery",
			      "args": ["mobNo","serviceProviderOld","serviceProviderNew"]
			    },
			    "secureContext": "userType"
			  },
			  "id": 1	
	  }	,
	  
	  "query_EligibilityConfirm_response" : {		
			"jsonrpc": "2.0",
			"result": {
				"status":"OK",
				"message": {"Number":"mobNo", "ServiceProvider":"serviceProvider", "CustomerName":"customerName", "SSNNumber":"ssnNumber", "PortabilityIndicator":"portabilityIndicator"}				
			  },
			  "id": 1	
	  }	,
	  
	  "query_EligibilityConfirmQuery_requestData" : {		
			"jsonrpc": "2.0",
			"method": "query",
			"params": {
				"type": 1,
				"chaincodeID": {
					"name": "chainID"
				},
				"ctorMsg": {
					"function": "EligibilityConfirmQuery",
			      "args": ["mobNo"]
			    },
			    "secureContext": "userType"
			  },
			  "id": 1	
	  },
	  
	  "query_cloudant_with_status" : {
	  		"selector" : { "Status": "status_value"},
			"fields" : [ "Tollfreeno",  "ServiceProvider","AssignedDate","Status"]
		}
	  
	    

}